Program Name,2024-25 Seat Capacity,2024-25 Female Supernumerary,2024-25 Total,2025-26 Seat Capacity,2025-26 Female Supernumerary,2025-26 Total,Difference
"Aerospace Engineering (4 Years, Bachelor of Technology)",245.0,30.0,275.0,325,26,351,76.0
"Aerospace Engineering (4 Years, Bachelor of Technology) DELHI (NCT) CHANDIGARH (UT)",12.0,0.0,12.0,12,0,12,0.0
"Aerospace Engineering (4 Years, Bachelor of Technology) Other than DELHI (NCT) CHANDIGARH (UT)",12.0,0.0,12.0,12,0,12,0.0
"Aerospace Engineering (5 Years, Bachelor and Master of Technology (Dual Degree))",10.0,0.0,10.0,10,0,10,0.0
"Agricultural and Food Engineering (4 Years, Bachelor of Technology)",88.0,5.0,93.0,88,5,93,0.0
"Applied Geology (4 Years, Bachelor of Science)",52.0,0.0,52.0,52,0,52,0.0
"Applied Geology (5 Years, Integrated Master of Technology)",19.0,2.0,21.0,19,2,21,0.0
"Applied Geophysics (5 Years, Integrated Master of Technology)",19.0,2.0,21.0,19,2,21,0.0
"Architecture (5 Years, Bachelor of Architecture)",93.0,3.0,96.0,472,3,475,379.0
"Architecture (5 Years, Bachelor of Architecture) BIHAR",23.0,0.0,23.0,20,0,20,-3.0
"Architecture (5 Years, Bachelor of Architecture) CHHATTISGARH",20.0,0.0,20.0,20,0,20,0.0
"Architecture (5 Years, Bachelor of Architecture) HIMACHAL PRADESH",29.0,0.0,29.0,29,0,29,0.0
"Architecture (5 Years, Bachelor of Architecture) KERALA",29.0,0.0,29.0,30,0,30,1.0
"Architecture (5 Years, Bachelor of Architecture) MADHYA PRADESH",40.0,10.0,50.0,40,10,50,0.0
"Architecture (5 Years, Bachelor of Architecture) ODISHA",10.0,0.0,10.0,10,0,10,0.0
"Architecture (5 Years, Bachelor of Architecture) Other than BIHAR",22.0,0.0,22.0,20,0,20,-2.0
"Architecture (5 Years, Bachelor of Architecture) Other than CHHATTISGARH",20.0,0.0,20.0,20,0,20,0.0
"Architecture (5 Years, Bachelor of Architecture) Other than HIMACHAL PRADESH",29.0,0.0,29.0,29,0,29,0.0
"Architecture (5 Years, Bachelor of Architecture) Other than KERALA",30.0,0.0,30.0,29,0,29,-1.0
"Architecture (5 Years, Bachelor of Architecture) Other than MADHYA PRADESH",40.0,10.0,50.0,40,10,50,0.0
"Architecture (5 Years, Bachelor of Architecture) Other than ODISHA",10.0,0.0,10.0,10,0,10,0.0
"Architecture (5 Years, Bachelor of Architecture) Other than RAJASTHAN",39.0,0.0,39.0,39,0,39,0.0
"Architecture (5 Years, Bachelor of Architecture) Other than TAMIL NADU",28.0,0.0,28.0,28,0,28,0.0
"Architecture (5 Years, Bachelor of Architecture) RAJASTHAN",38.0,0.0,38.0,38,0,38,0.0
"Architecture (5 Years, Bachelor of Architecture) TAMIL NADU",29.0,0.0,29.0,29,0,29,0.0
"Artificial Intelligence (4 Years, Bachelor of Technology)",83.0,12.0,95.0,212,38,250,155.0
"Artificial Intelligence (4 Years, Bachelor of Technology) KARNATAKA",20.0,0.0,20.0,20,0,20,0.0
"Artificial Intelligence (4 Years, Bachelor of Technology) ODISHA",23.0,0.0,23.0,23,0,23,0.0
"Artificial Intelligence (4 Years, Bachelor of Technology) Other than KARNATAKA",20.0,0.0,20.0,20,0,20,0.0
"Artificial Intelligence (4 Years, Bachelor of Technology) Other than ODISHA",22.0,0.0,22.0,22,0,22,0.0
"Artificial Intelligence and Data Analytics (4 Years, Bachelor of Technology)",50.0,0.0,50.0,50,0,50,0.0
"Artificial Intelligence and Data Engineering (4 Years, Bachelor of Technology)",19.0,1.0,20.0,127,13,140,120.0
"Artificial Intelligence and Data Engineering (4 Years, Bachelor of Technology) Other than RAJASTHAN",20.0,0.0,20.0,20,0,20,0.0
"Artificial Intelligence and Data Engineering (4 Years, Bachelor of Technology) RAJASTHAN",20.0,0.0,20.0,20,0,20,0.0
"Artificial Intelligence and Data Science (4 Years, Bachelor of Technology)",102.0,18.0,120.0,395,32,427,307.0
"Artificial Intelligence and Data Science (4 Years, Bachelor of Technology) DELHI (NCT) CHANDIGARH (UT)",10.0,0.0,10.0,10,0,10,0.0
"Artificial Intelligence and Data Science (4 Years, Bachelor of Technology) HARYANA",30.0,0.0,30.0,30,0,30,0.0
"Artificial Intelligence and Data Science (4 Years, Bachelor of Technology) Other than DELHI (NCT) CHANDIGARH (UT)",10.0,0.0,10.0,10,0,10,0.0
"Artificial Intelligence and Data Science (4 Years, Bachelor of Technology) Other than HARYANA",30.0,0.0,30.0,30,0,30,0.0
"Artificial Intelligence and Machine Learning (4 Years, Bachelor of Technology) HARYANA",30.0,0.0,30.0,30,0,30,0.0
"Artificial Intelligence and Machine Learning (4 Years, Bachelor of Technology) Other than HARYANA",30.0,0.0,30.0,30,0,30,0.0
"Artificial Intelligence and Machine Learning (4 Years, Bachelor of Technology) Other than SIKKIM",15.0,0.0,15.0,15,0,15,0.0
"Artificial Intelligence and Machine Learning (4 Years, Bachelor of Technology) SIKKIM",15.0,0.0,15.0,15,0,15,0.0
"B. Tech in CE. - M. Tech. in Geotechnical Engineering (5 Years, B.Tech. + M.Tech./MS (Dual Degree))",10.0,0.0,10.0,10,0,10,0.0
"B. Tech in CE. - M. Tech. in Structural Engineering (5 Years, B.Tech. + M.Tech./MS (Dual Degree))",10.0,0.0,10.0,10,0,10,0.0
"B. Tech. (CSE) and M.Tech in CSE (5 Years, B.Tech. + M.Tech./MS (Dual Degree))",10.0,0.0,10.0,10,0,10,0.0
"B. Tech. (ME) - M. Tech. in Mechatronics (5 Years, B.Tech. + M.Tech./MS (Dual Degree))",10.0,0.0,10.0,10,0,10,0.0
"B. Tech. (Mathematics & Computing) M. Tech. in (Mathematics & Computing) (5 Years, B.Tech. + M.Tech./MS (Dual Degree))",10.0,0.0,10.0,10,0,10,0.0
"B.Tech (Artificial Intelligence and Data Science) - MBA in Digital Business Management (IIM Bodh Gaya) (5 Years, Bachelor of Technology and MBA (Dual Degree))",5.0,0.0,5.0,5,0,5,0.0
"B.Tech (Chemical Engineering) - MBA in Hospital and Health Care Management (IIM Bodh Gaya) (5 Years, Bachelor of Technology and MBA (Dual Degree))",5.0,0.0,5.0,5,0,5,0.0
"B.Tech (Chemical Science and Technology) - MBA in Hospital and Health Care Management (IIM Bodh Gaya) (5 Years, Bachelor of Technology and MBA (Dual Degree))",5.0,0.0,5.0,5,0,5,0.0
"B.Tech (Civil Engineering) - MBA (IIM Bodh Gaya) (5 Years, Bachelor of Technology and MBA (Dual Degree))",6.0,0.0,6.0,6,0,6,0.0
"B.Tech (Computer Science and Engineering) - MBA in Digital Business Management (IIM Bodh Gaya) (5 Years, Bachelor of Technology and MBA (Dual Degree))",5.0,0.0,5.0,5,0,5,0.0
"B.Tech (Electrical and Electronics Engineering) - MBA (IIM Bodh Gaya) (5 Years, Bachelor of Technology and MBA (Dual Degree))",6.0,0.0,6.0,6,0,6,0.0
"B.Tech (Electronics and Communication Engineering) - MBA in Hospital and Healthcare Management (IIM Bodh Gaya) (5 Years, Bachelor of Technology and MBA (Dual Degree))",5.0,0.0,5.0,5,0,5,0.0
"B.Tech (Engineering Physics) - MBA (IIM Bodh Gaya) (5 Years, Bachelor of Technology and MBA (Dual Degree))",6.0,0.0,6.0,6,0,6,0.0
"B.Tech (Mathematics and Computing) - MBA in Digital Business Management (IIM Bodh Gaya) (5 Years, Bachelor of Technology and MBA (Dual Degree))",5.0,0.0,5.0,5,0,5,0.0
"B.Tech (Mechanical Engineering) - MBA (IIM Mumbai) (5 Years, Bachelor of Technology and MBA (Dual Degree))",15.0,0.0,15.0,15,0,15,0.0
"B.Tech (Metallurgical and Materials Engineering) - MBA (IIM Bodh Gaya) (5 Years, Bachelor of Technology and MBA (Dual Degree))",6.0,0.0,6.0,6,0,6,0.0
"B.Tech in General Engineering (4 Years, Bachelor of Technology)",30.0,0.0,30.0,30,0,30,0.0
"B.Tech in Materials Science and Engineering (4 Years, Bachelor of Technology)",30.0,0.0,30.0,30,0,30,0.0
"B.Tech in Mathematics and Computing (4 Years, Bachelor of Technology)",30.0,0.0,30.0,140,0,140,110.0
"B.Tech in Mathematics and Computing (4 Years, Bachelor of Technology) Other than WEST BENGAL",30.0,0.0,30.0,30,0,30,0.0
"B.Tech in Mathematics and Computing (4 Years, Bachelor of Technology) WEST BENGAL",30.0,0.0,30.0,30,0,30,0.0
"B.Tech in Microelectronics & VLSI (4 Years, Bachelor of Technology)",30.0,0.0,30.0,30,0,30,0.0
"B.Tech. in Electronics and Communication Engineering and M.Tech. in Communication Systems (5 Years, Bachelor and Master of Technology (Dual Degree))",10.0,0.0,10.0,26,4,30,20.0
"BS in Chemical Sciences (4 Years, Bachelor of Science)",30.0,0.0,30.0,30,0,30,0.0
"BS in Economics with MBA (IIM Bodh Gaya) (5 Years, Bachelor of Science and MBA (Dual Degree))",6.0,0.0,6.0,6,0,6,0.0
"BS in Mathematics (4 Years, Bachelor of Science)",18.0,0.0,18.0,18,0,18,0.0
"Bio Engineering (4 Years, Bachelor of Technology)",70.0,10.0,80.0,70,10,80,0.0
"Bio Medical Engineering (4 Years, Bachelor of Technology) CHHATTISGARH",39.0,1.0,40.0,39,1,40,0.0
"Bio Medical Engineering (4 Years, Bachelor of Technology) ODISHA",17.0,0.0,17.0,17,0,17,0.0
"Bio Medical Engineering (4 Years, Bachelor of Technology) Other than CHHATTISGARH",40.0,0.0,40.0,40,0,40,0.0
"Bio Medical Engineering (4 Years, Bachelor of Technology) Other than ODISHA",18.0,0.0,18.0,18,0,18,0.0
"Bio Technology (4 Years, Bachelor of Technology) CHHATTISGARH",40.0,0.0,40.0,40,0,40,0.0
"Bio Technology (4 Years, Bachelor of Technology) KERALA",18.0,0.0,18.0,19,0,19,1.0
"Bio Technology (4 Years, Bachelor of Technology) ODISHA",17.0,0.0,17.0,17,0,17,0.0
"Bio Technology (4 Years, Bachelor of Technology) Other than CHHATTISGARH",39.0,0.0,39.0,39,0,39,0.0
"Bio Technology (4 Years, Bachelor of Technology) Other than KERALA",19.0,0.0,19.0,18,0,18,-1.0
"Bio Technology (4 Years, Bachelor of Technology) Other than ODISHA",18.0,0.0,18.0,18,0,18,0.0
"Bio Technology (4 Years, Bachelor of Technology) Other than PUNJAB",25.0,0.0,25.0,25,0,25,0.0
"Bio Technology (4 Years, Bachelor of Technology) Other than TELANGANA",36.0,0.0,36.0,36,0,36,0.0
"Bio Technology (4 Years, Bachelor of Technology) Other than UTTAR PRADESH",29.0,1.0,30.0,29,1,30,0.0
"Bio Technology (4 Years, Bachelor of Technology) Other than WEST BENGAL",37.0,0.0,37.0,37,0,37,0.0
"Bio Technology (4 Years, Bachelor of Technology) PUNJAB",25.0,0.0,25.0,25,0,25,0.0
"Bio Technology (4 Years, Bachelor of Technology) TELANGANA",36.0,0.0,36.0,36,0,36,0.0
"Bio Technology (4 Years, Bachelor of Technology) UTTAR PRADESH",28.0,2.0,30.0,28,2,30,0.0
"Bio Technology (4 Years, Bachelor of Technology) WEST BENGAL",38.0,0.0,38.0,38,0,38,0.0
"Biological Engineering (4 Years, Bachelor of Technology)",40.0,1.0,41.0,30,0,30,-11.0
"Biological Science (4 Years, Bachelor of Science)",40.0,1.0,41.0,30,0,30,-11.0
"Biological Sciences and Bioengineering (4 Years, Bachelor of Technology)",42.0,11.0,53.0,42,11,53,0.0
"Biomedical Engineering (4 Years, Bachelor of Technology)",21.0,4.0,25.0,49,4,53,28.0
"Biosciences and Bioengineering (4 Years, Bachelor of Technology)",123.0,7.0,130.0,118,7,125,-5.0
"Biotechnology (5 Years, Bachelor and Master of Technology (Dual Degree)) Other than WEST BENGAL",3.0,0.0,3.0,3,0,3,0.0
"Biotechnology (5 Years, Bachelor and Master of Technology (Dual Degree)) WEST BENGAL",4.0,0.0,4.0,4,0,4,0.0
"Biotechnology and Biochemical Engineering (4 Years, Bachelor of Technology)",138.0,4.0,142.0,126,4,130,-12.0
"Biotechnology and Biochemical Engineering (4 Years, Bachelor of Technology) Other than TRIPURA",19.0,6.0,25.0,23,7,30,5.0
"Biotechnology and Biochemical Engineering (4 Years, Bachelor of Technology) TRIPURA",19.0,6.0,25.0,23,7,30,5.0
"Ceramic Engineering (4 Years, Bachelor of Technology)",75.0,0.0,75.0,75,0,75,0.0
"Ceramic Engineering (4 Years, Bachelor of Technology) ODISHA",20.0,0.0,20.0,20,0,20,0.0
"Ceramic Engineering (4 Years, Bachelor of Technology) Other than ODISHA",20.0,0.0,20.0,20,0,20,0.0
"Ceramic Engineering and M.Tech Industrial Ceramic (5 Years, Bachelor and Master of Technology (Dual Degree)) ODISHA",7.0,0.0,7.0,7,0,7,0.0
"Ceramic Engineering and M.Tech Industrial Ceramic (5 Years, Bachelor and Master of Technology (Dual Degree)) Other than ODISHA",6.0,0.0,6.0,6,0,6,0.0
"Chemical Engineering (4 Years, Bachelor of Technology)",1229.0,109.0,1338.0,1474,122,1596,258.0
"Chemical Engineering (4 Years, Bachelor of Technology) CHHATTISGARH",39.0,0.0,39.0,39,0,39,0.0
"Chemical Engineering (4 Years, Bachelor of Technology) HIMACHAL PRADESH",38.0,0.0,38.0,38,0,38,0.0
"Chemical Engineering (4 Years, Bachelor of Technology) KARNATAKA",29.0,0.0,29.0,29,2,31,2.0
"Chemical Engineering (4 Years, Bachelor of Technology) KERALA",58.0,0.0,58.0,58,0,58,0.0
"Chemical Engineering (4 Years, Bachelor of Technology) MADHYA PRADESH",31.0,8.0,39.0,29,7,36,-3.0
"Chemical Engineering (4 Years, Bachelor of Technology) ODISHA",31.0,1.0,32.0,31,0,31,-1.0
"Chemical Engineering (4 Years, Bachelor of Technology) Other than CHHATTISGARH",40.0,0.0,40.0,40,0,40,0.0
"Chemical Engineering (4 Years, Bachelor of Technology) Other than HIMACHAL PRADESH",38.0,0.0,38.0,38,0,38,0.0
"Chemical Engineering (4 Years, Bachelor of Technology) Other than JAMMU & KASHMIR (UT) LADAKH (UT)",50.0,1.0,51.0,39,1,40,-11.0
"Chemical Engineering (4 Years, Bachelor of Technology) Other than KARNATAKA",29.0,0.0,29.0,29,1,30,1.0
"Chemical Engineering (4 Years, Bachelor of Technology) Other than KERALA",58.0,0.0,58.0,58,0,58,0.0
"Chemical Engineering (4 Years, Bachelor of Technology) Other than MADHYA PRADESH",31.0,8.0,39.0,28,7,35,-4.0
"Chemical Engineering (4 Years, Bachelor of Technology) Other than ODISHA",31.0,0.0,31.0,31,0,31,0.0
"Chemical Engineering (4 Years, Bachelor of Technology) Other than PUNJAB",37.0,0.0,37.0,35,0,35,-2.0
"Chemical Engineering (4 Years, Bachelor of Technology) Other than RAJASTHAN",57.0,0.0,57.0,57,0,57,0.0
"Chemical Engineering (4 Years, Bachelor of Technology) Other than TAMIL NADU",39.0,0.0,39.0,39,0,39,0.0
"Chemical Engineering (4 Years, Bachelor of Technology) Other than TELANGANA",55.0,0.0,55.0,49,0,49,-6.0
"Chemical Engineering (4 Years, Bachelor of Technology) Other than TRIPURA",30.0,8.0,38.0,36,9,45,7.0
"Chemical Engineering (4 Years, Bachelor of Technology) Other than UTTAR PRADESH",28.0,2.0,30.0,28,2,30,0.0
"Chemical Engineering (4 Years, Bachelor of Technology) Other than WEST BENGAL",38.0,0.0,38.0,38,0,38,0.0
"Chemical Engineering (4 Years, Bachelor of Technology) PUNJAB",37.0,0.0,37.0,35,0,35,-2.0
"Chemical Engineering (4 Years, Bachelor of Technology) RAJASTHAN",58.0,0.0,58.0,58,0,58,0.0
"Chemical Engineering (4 Years, Bachelor of Technology) TAMIL NADU",40.0,0.0,40.0,40,0,40,0.0
"Chemical Engineering (4 Years, Bachelor of Technology) TELANGANA",55.0,0.0,55.0,49,0,49,-6.0
"Chemical Engineering (4 Years, Bachelor of Technology) TRIPURA",29.0,8.0,37.0,37,8,45,8.0
"Chemical Engineering (4 Years, Bachelor of Technology) UTTAR PRADESH",29.0,1.0,30.0,29,1,30,0.0
"Chemical Engineering (4 Years, Bachelor of Technology) WEST BENGAL",37.0,0.0,37.0,37,0,37,0.0
"Chemical Engineering (5 Years, Bachelor and Master of Technology (Dual Degree))",44.0,2.0,46.0,46,0,46,0.0
"Chemical Engineering (5 Years, Bachelor and Master of Technology (Dual Degree)) ODISHA",6.0,0.0,6.0,6,0,6,0.0
"Chemical Engineering (5 Years, Bachelor and Master of Technology (Dual Degree)) Other than ODISHA",6.0,0.0,6.0,6,0,6,0.0
"Chemical Engineering (5 Years, Bachelor and Master of Technology (Dual Degree)) Other than WEST BENGAL",3.0,0.0,3.0,3,0,3,0.0
"Chemical Engineering (5 Years, Bachelor and Master of Technology (Dual Degree)) WEST BENGAL",4.0,0.0,4.0,4,0,4,0.0
"Chemical Science and Technology (4 Years, Bachelor of Technology)",101.0,11.0,112.0,101,4,105,-7.0
"Chemical Sciences (5 Years, Bachelor of Science and Master of Science (Dual Degree))",35.0,0.0,35.0,35,0,35,0.0
"Chemical Technology (5 Years, Bachelor and Master of Technology (Dual Degree)) BIHAR",5.0,0.0,5.0,6,0,6,1.0
"Chemical Technology (5 Years, Bachelor and Master of Technology (Dual Degree)) Other than BIHAR",5.0,0.0,5.0,6,0,6,1.0
"Chemical and Biochemical Engineering (4 Years, Bachelor of Technology)",28.0,2.0,30.0,28,2,30,0.0
"Chemistry (4 Years, Bachelor of Science)",119.0,10.0,129.0,159,10,169,40.0
"Chemistry (5 Years, Bachelor of Science and Master of Science (Dual Degree)) Other than TRIPURA",13.0,0.0,13.0,20,0,20,7.0
"Chemistry (5 Years, Bachelor of Science and Master of Science (Dual Degree)) TRIPURA",12.0,0.0,12.0,20,0,20,8.0
"Chemistry (5 Years, Integrated Master of Science) ODISHA",11.0,0.0,11.0,11,0,11,0.0
"Chemistry (5 Years, Integrated Master of Science) Other than ODISHA",11.0,0.0,11.0,11,0,11,0.0
"Chemistry (5 Years, Integrated Master of Science) Other than WEST BENGAL",10.0,0.0,10.0,10,0,10,0.0
"Chemistry (5 Years, Integrated Master of Science) WEST BENGAL",9.0,0.0,9.0,9,0,9,0.0
"Chemistry with Specialization (4 Years, Bachelor of Science)",24.0,6.0,30.0,24,6,30,0.0
"Civil Engineering (4 Years, Bachelor of Technology)",1476.0,175.0,1651.0,2179,161,2340,689.0
"Civil Engineering (4 Years, Bachelor of Technology) ARUNACHAL PRADESH",16.0,0.0,16.0,21,0,21,5.0
"Civil Engineering (4 Years, Bachelor of Technology) ASSAM",79.0,0.0,79.0,79,0,79,0.0
"Civil Engineering (4 Years, Bachelor of Technology) BIHAR",60.0,0.0,60.0,58,0,58,-2.0
"Civil Engineering (4 Years, Bachelor of Technology) CHHATTISGARH",49.0,0.0,49.0,49,0,49,0.0
"Civil Engineering (4 Years, Bachelor of Technology) DAMAN & DIU (UT) DADRA & NAGAR HAVELI (UT) LAKSHADWEEP (UT)",4.0,0.0,4.0,4,0,4,0.0
"Civil Engineering (4 Years, Bachelor of Technology) DELHI (NCT) CHANDIGARH (UT)",13.0,0.0,13.0,13,0,13,0.0
"Civil Engineering (4 Years, Bachelor of Technology) GOA",14.0,0.0,14.0,14,0,14,0.0
"Civil Engineering (4 Years, Bachelor of Technology) HARYANA",54.0,0.0,54.0,54,0,54,0.0
"Civil Engineering (4 Years, Bachelor of Technology) HIMACHAL PRADESH",62.0,0.0,62.0,61,0,61,-1.0
"Civil Engineering (4 Years, Bachelor of Technology) JHARKHAND",50.0,0.0,50.0,50,0,50,0.0
"Civil Engineering (4 Years, Bachelor of Technology) KARNATAKA",58.0,0.0,58.0,58,0,58,0.0
"Civil Engineering (4 Years, Bachelor of Technology) KERALA",86.0,0.0,86.0,86,0,86,0.0
"Civil Engineering (4 Years, Bachelor of Technology) MADHYA PRADESH",45.0,12.0,57.0,41,10,51,-6.0
"Civil Engineering (4 Years, Bachelor of Technology) MANIPUR",19.0,0.0,19.0,19,0,19,0.0
"Civil Engineering (4 Years, Bachelor of Technology) MEGHALAYA",17.0,0.0,17.0,17,0,17,0.0
"Civil Engineering (4 Years, Bachelor of Technology) MIZORAM",17.0,1.0,18.0,15,2,17,-1.0
"Civil Engineering (4 Years, Bachelor of Technology) NAGALAND",15.0,0.0,15.0,15,0,15,0.0
"Civil Engineering (4 Years, Bachelor of Technology) ODISHA",36.0,0.0,36.0,36,0,36,0.0
"Civil Engineering (4 Years, Bachelor of Technology) Other than ARUNACHAL PRADESH",16.0,0.0,16.0,21,0,21,5.0
"Civil Engineering (4 Years, Bachelor of Technology) Other than ASSAM",78.0,0.0,78.0,78,0,78,0.0
"Civil Engineering (4 Years, Bachelor of Technology) Other than BIHAR",60.0,0.0,60.0,58,0,58,-2.0
"Civil Engineering (4 Years, Bachelor of Technology) Other than CHHATTISGARH",48.0,0.0,48.0,48,0,48,0.0
"Civil Engineering (4 Years, Bachelor of Technology) Other than DELHI (NCT) CHANDIGARH (UT)",12.0,0.0,12.0,12,0,12,0.0
"Civil Engineering (4 Years, Bachelor of Technology) Other than GOA DAMAN & DIU (UT) DADRA & NAGAR HAVELI (UT) LAKSHADWEEP (UT)",19.0,0.0,19.0,19,0,19,0.0
"Civil Engineering (4 Years, Bachelor of Technology) Other than HARYANA",54.0,0.0,54.0,54,0,54,0.0
"Civil Engineering (4 Years, Bachelor of Technology) Other than HIMACHAL PRADESH",61.0,0.0,61.0,62,0,62,1.0
"Civil Engineering (4 Years, Bachelor of Technology) Other than JAMMU & KASHMIR (UT) LADAKH (UT)",88.0,3.0,91.0,82,3,85,-6.0
"Civil Engineering (4 Years, Bachelor of Technology) Other than JHARKHAND",49.0,0.0,49.0,49,0,49,0.0
"Civil Engineering (4 Years, Bachelor of Technology) Other than KARNATAKA",57.0,0.0,57.0,57,0,57,0.0
"Civil Engineering (4 Years, Bachelor of Technology) Other than KERALA",86.0,0.0,86.0,86,0,86,0.0
"Civil Engineering (4 Years, Bachelor of Technology) Other than MADHYA PRADESH",45.0,11.0,56.0,40,10,50,-6.0
"Civil Engineering (4 Years, Bachelor of Technology) Other than MANIPUR",19.0,0.0,19.0,19,0,19,0.0
"Civil Engineering (4 Years, Bachelor of Technology) Other than MEGHALAYA",16.0,0.0,16.0,16,0,16,0.0
"Civil Engineering (4 Years, Bachelor of Technology) Other than MIZORAM",17.0,1.0,18.0,16,1,17,-1.0
"Civil Engineering (4 Years, Bachelor of Technology) Other than NAGALAND",18.0,0.0,18.0,18,0,18,0.0
"Civil Engineering (4 Years, Bachelor of Technology) Other than ODISHA",36.0,0.0,36.0,36,0,36,0.0
"Civil Engineering (4 Years, Bachelor of Technology) Other than PUDUCHERRY (UT) ANDAMAN & NICOBAR ISLANDS (UT)",23.0,0.0,23.0,22,0,22,-1.0
"Civil Engineering (4 Years, Bachelor of Technology) Other than PUNJAB",43.0,0.0,43.0,40,0,40,-3.0
"Civil Engineering (4 Years, Bachelor of Technology) Other than RAJASTHAN",58.0,0.0,58.0,58,0,58,0.0
"Civil Engineering (4 Years, Bachelor of Technology) Other than SIKKIM",15.0,0.0,15.0,15,0,15,0.0
"Civil Engineering (4 Years, Bachelor of Technology) Other than TAMIL NADU",59.0,0.0,59.0,59,0,59,0.0
"Civil Engineering (4 Years, Bachelor of Technology) Other than TELANGANA",55.0,0.0,55.0,55,0,55,0.0
"Civil Engineering (4 Years, Bachelor of Technology) Other than TRIPURA",46.0,13.0,59.0,47,13,60,1.0
"Civil Engineering (4 Years, Bachelor of Technology) Other than UTTAR PRADESH",58.0,3.0,61.0,58,3,61,0.0
"Civil Engineering (4 Years, Bachelor of Technology) Other than UTTARAKHAND",14.0,4.0,18.0,18,0,18,0.0
"Civil Engineering (4 Years, Bachelor of Technology) Other than WEST BENGAL",40.0,0.0,40.0,117,0,117,77.0
"Civil Engineering (4 Years, Bachelor of Technology) PUDUCHERRY (UT) ANDAMAN & NICOBAR ISLANDS (UT)",22.0,0.0,22.0,23,0,23,1.0
"Civil Engineering (4 Years, Bachelor of Technology) PUNJAB",42.0,0.0,42.0,40,0,40,-2.0
"Civil Engineering (4 Years, Bachelor of Technology) RAJASTHAN",57.0,0.0,57.0,57,0,57,0.0
"Civil Engineering (4 Years, Bachelor of Technology) SIKKIM",15.0,0.0,15.0,15,0,15,0.0
"Civil Engineering (4 Years, Bachelor of Technology) TAMIL NADU",59.0,0.0,59.0,59,0,59,0.0
"Civil Engineering (4 Years, Bachelor of Technology) TELANGANA",55.0,0.0,55.0,55,0,55,0.0
"Civil Engineering (4 Years, Bachelor of Technology) TRIPURA",46.0,13.0,59.0,47,13,60,1.0
"Civil Engineering (4 Years, Bachelor of Technology) UTTAR PRADESH",57.0,3.0,60.0,57,3,60,0.0
"Civil Engineering (4 Years, Bachelor of Technology) UTTARAKHAND",14.0,4.0,18.0,18,0,18,0.0
"Civil Engineering (4 Years, Bachelor of Technology) WEST BENGAL",40.0,0.0,40.0,118,0,118,78.0
"Civil Engineering (5 Years, Bachelor and Master of Technology (Dual Degree)) HARYANA",6.0,0.0,6.0,6,0,6,0.0
"Civil Engineering (5 Years, Bachelor and Master of Technology (Dual Degree)) Other than HARYANA",6.0,0.0,6.0,6,0,6,0.0
"Civil Engineering with Specialization in Construction Technology and Management (5 Years, Bachelor and Master of Technology (Dual Degree)) BIHAR",5.0,0.0,5.0,6,0,6,1.0
"Civil Engineering with Specialization in Construction Technology and Management (5 Years, Bachelor and Master of Technology (Dual Degree)) Other than BIHAR",5.0,0.0,5.0,6,0,6,1.0
"Civil and Infrastructure Engineering (4 Years, Bachelor of Technology)",76.0,14.0,90.0,76,14,90,0.0
"Computational Engineering (4 Years, Bachelor of Technology)",22.0,3.0,25.0,27,3,30,5.0
"Computational Mathematics (5 Years, Bachelor and Master of Technology (Dual Degree)) Other than TRIPURA",13.0,0.0,13.0,13,0,13,0.0
"Computational and Data Science (4 Years, Bachelor of Technology) KARNATAKA",15.0,0.0,15.0,15,0,15,0.0
"Computational and Data Science (4 Years, Bachelor of Technology) Other than KARNATAKA",15.0,0.0,15.0,15,0,15,0.0
"Computer Science and Engineering (4 Years, Bachelor of Technology)",1781.0,236.0,2017.0,7102,649,7751,5734.0
"Computer Science and Engineering (4 Years, Bachelor of Technology) ARUNACHAL PRADESH",16.0,0.0,16.0,21,0,21,5.0
"Computer Science and Engineering (4 Years, Bachelor of Technology) ASSAM",81.0,0.0,81.0,80,0,80,-1.0
"Computer Science and Engineering (4 Years, Bachelor of Technology) BIHAR",100.0,0.0,100.0,75,0,75,-25.0
"Computer Science and Engineering (4 Years, Bachelor of Technology) CHHATTISGARH",57.0,0.0,57.0,57,0,57,0.0
"Computer Science and Engineering (4 Years, Bachelor of Technology) DAMAN & DIU (UT) DADRA & NAGAR HAVELI (UT) LAKSHADWEEP (UT)",5.0,0.0,5.0,5,0,5,0.0
"Computer Science and Engineering (4 Years, Bachelor of Technology) DELHI (NCT) CHANDIGARH (UT)",60.0,0.0,60.0,60,0,60,0.0
"Computer Science and Engineering (4 Years, Bachelor of Technology) GOA",20.0,0.0,20.0,20,0,20,0.0
"Computer Science and Engineering (4 Years, Bachelor of Technology) HARYANA",54.0,0.0,54.0,54,0,54,0.0
"Computer Science and Engineering (4 Years, Bachelor of Technology) HIMACHAL PRADESH",62.0,0.0,62.0,62,0,62,0.0
"Computer Science and Engineering (4 Years, Bachelor of Technology) JHARKHAND",58.0,0.0,58.0,58,0,58,0.0
"Computer Science and Engineering (4 Years, Bachelor of Technology) KARNATAKA",57.0,0.0,57.0,57,0,57,0.0
"Computer Science and Engineering (4 Years, Bachelor of Technology) KERALA",86.0,4.0,90.0,86,3,89,-1.0
"Computer Science and Engineering (4 Years, Bachelor of Technology) MADHYA PRADESH",91.0,23.0,114.0,91,23,114,0.0
"Computer Science and Engineering (4 Years, Bachelor of Technology) MANIPUR",37.0,0.0,37.0,37,0,37,0.0
"Computer Science and Engineering (4 Years, Bachelor of Technology) MEGHALAYA",16.0,0.0,16.0,16,0,16,0.0
"Computer Science and Engineering (4 Years, Bachelor of Technology) MIZORAM",18.0,0.0,18.0,16,1,17,-1.0
"Computer Science and Engineering (4 Years, Bachelor of Technology) NAGALAND",15.0,0.0,15.0,15,0,15,0.0
"Computer Science and Engineering (4 Years, Bachelor of Technology) ODISHA",56.0,0.0,56.0,56,0,56,0.0
"Computer Science and Engineering (4 Years, Bachelor of Technology) Other than ARUNACHAL PRADESH",16.0,0.0,16.0,21,0,21,5.0
"Computer Science and Engineering (4 Years, Bachelor of Technology) Other than ASSAM",80.0,0.0,80.0,81,0,81,1.0
"Computer Science and Engineering (4 Years, Bachelor of Technology) Other than BIHAR",99.0,0.0,99.0,75,0,75,-24.0
"Computer Science and Engineering (4 Years, Bachelor of Technology) Other than CHHATTISGARH",57.0,0.0,57.0,57,0,57,0.0
"Computer Science and Engineering (4 Years, Bachelor of Technology) Other than DELHI (NCT) CHANDIGARH (UT)",60.0,0.0,60.0,60,0,60,0.0
"Computer Science and Engineering (4 Years, Bachelor of Technology) Other than GOA DAMAN & DIU (UT) DADRA & NAGAR HAVELI (UT) LAKSHADWEEP (UT)",25.0,0.0,25.0,25,0,25,0.0
"Computer Science and Engineering (4 Years, Bachelor of Technology) Other than HARYANA",54.0,0.0,54.0,54,0,54,0.0
"Computer Science and Engineering (4 Years, Bachelor of Technology) Other than HIMACHAL PRADESH",62.0,0.0,62.0,62,0,62,0.0
"Computer Science and Engineering (4 Years, Bachelor of Technology) Other than JAMMU & KASHMIR (UT) LADAKH (UT)",39.0,2.0,41.0,63,2,65,24.0
"Computer Science and Engineering (4 Years, Bachelor of Technology) Other than JHARKHAND",58.0,0.0,58.0,58,0,58,0.0
"Computer Science and Engineering (4 Years, Bachelor of Technology) Other than KARNATAKA",58.0,0.0,58.0,58,0,58,0.0
"Computer Science and Engineering (4 Years, Bachelor of Technology) Other than KERALA",86.0,3.0,89.0,86,3,89,0.0
"Computer Science and Engineering (4 Years, Bachelor of Technology) Other than MADHYA PRADESH",92.0,23.0,115.0,92,23,115,0.0
"Computer Science and Engineering (4 Years, Bachelor of Technology) Other than MANIPUR",37.0,0.0,37.0,37,0,37,0.0
"Computer Science and Engineering (4 Years, Bachelor of Technology) Other than MEGHALAYA",17.0,0.0,17.0,17,0,17,0.0
"Computer Science and Engineering (4 Years, Bachelor of Technology) Other than MIZORAM",17.0,1.0,18.0,16,1,17,-1.0
"Computer Science and Engineering (4 Years, Bachelor of Technology) Other than NAGALAND",18.0,0.0,18.0,18,1,19,1.0
"Computer Science and Engineering (4 Years, Bachelor of Technology) Other than ODISHA",57.0,0.0,57.0,57,0,57,0.0
"Computer Science and Engineering (4 Years, Bachelor of Technology) Other than PUDUCHERRY (UT) ANDAMAN & NICOBAR ISLANDS (UT)",30.0,0.0,30.0,30,0,30,0.0
"Computer Science and Engineering (4 Years, Bachelor of Technology) Other than PUNJAB",79.0,0.0,79.0,79,0,79,0.0
"Computer Science and Engineering (4 Years, Bachelor of Technology) Other than RAJASTHAN",59.0,0.0,59.0,59,0,59,0.0
"Computer Science and Engineering (4 Years, Bachelor of Technology) Other than SIKKIM",20.0,0.0,20.0,20,0,20,0.0
"Computer Science and Engineering (4 Years, Bachelor of Technology) Other than TAMIL NADU",59.0,0.0,59.0,59,0,59,0.0
"Computer Science and Engineering (4 Years, Bachelor of Technology) Other than TELANGANA",67.0,0.0,67.0,67,0,67,0.0
"Computer Science and Engineering (4 Years, Bachelor of Technology) Other than TRIPURA",58.0,17.0,75.0,71,19,90,15.0
"Computer Science and Engineering (4 Years, Bachelor of Technology) Other than UTTAR PRADESH",154.0,8.0,162.0,154,8,162,0.0
"Computer Science and Engineering (4 Years, Bachelor of Technology) Other than UTTARAKHAND",21.0,5.0,26.0,26,0,26,0.0
"Computer Science and Engineering (4 Years, Bachelor of Technology) Other than WEST BENGAL",93.0,0.0,93.0,144,0,144,51.0
"Computer Science and Engineering (4 Years, Bachelor of Technology) PUDUCHERRY (UT) ANDAMAN & NICOBAR ISLANDS (UT)",30.0,0.0,30.0,30,0,30,0.0
"Computer Science and Engineering (4 Years, Bachelor of Technology) PUNJAB",79.0,0.0,79.0,79,0,79,0.0
"Computer Science and Engineering (4 Years, Bachelor of Technology) RAJASTHAN",58.0,0.0,58.0,58,0,58,0.0
"Computer Science and Engineering (4 Years, Bachelor of Technology) SIKKIM",20.0,0.0,20.0,20,0,20,0.0
"Computer Science and Engineering (4 Years, Bachelor of Technology) TAMIL NADU",60.0,0.0,60.0,60,0,60,0.0
"Computer Science and Engineering (4 Years, Bachelor of Technology) TELANGANA",68.0,0.0,68.0,68,0,68,0.0
"Computer Science and Engineering (4 Years, Bachelor of Technology) TRIPURA",59.0,16.0,75.0,73,17,90,15.0
"Computer Science and Engineering (4 Years, Bachelor of Technology) UTTAR PRADESH",154.0,9.0,163.0,154,9,163,0.0
"Computer Science and Engineering (4 Years, Bachelor of Technology) UTTARAKHAND",22.0,4.0,26.0,26,0,26,0.0
"Computer Science and Engineering (4 Years, Bachelor of Technology) WEST BENGAL",94.0,0.0,94.0,145,0,145,51.0
"Computer Science and Engineering (5 Years, Bachelor and Master of Technology (Dual Degree))",80.0,11.0,91.0,191,14,205,114.0
"Computer Science and Engineering (5 Years, Bachelor and Master of Technology (Dual Degree)) HARYANA",6.0,0.0,6.0,6,0,6,0.0
"Computer Science and Engineering (5 Years, Bachelor and Master of Technology (Dual Degree)) HIMACHAL PRADESH",14.0,0.0,14.0,14,0,14,0.0
"Computer Science and Engineering (5 Years, Bachelor and Master of Technology (Dual Degree)) Other than HARYANA",6.0,0.0,6.0,6,0,6,0.0
"Computer Science and Engineering (5 Years, Bachelor and Master of Technology (Dual Degree)) Other than HIMACHAL PRADESH",14.0,0.0,14.0,14,0,14,0.0
"Computer Science and Engineering with Specialization in Cyber Security (5 Years, Bachelor and Master of Technology (Dual Degree)) BIHAR",11.0,0.0,11.0,11,0,11,0.0
"Computer Science and Engineering with Specialization in Cyber Security (5 Years, Bachelor and Master of Technology (Dual Degree)) Other than BIHAR",11.0,0.0,11.0,11,0,11,0.0
"Computer Science and Engineering with Specialization in Data Science (5 Years, Bachelor and Master of Technology (Dual Degree)) BIHAR",12.0,0.0,12.0,12,0,12,0.0
"Computer Science and Engineering with Specialization in Data Science (5 Years, Bachelor and Master of Technology (Dual Degree)) Other than BIHAR",11.0,0.0,11.0,11,0,11,0.0
"Data Science and Artificial Intelligence (4 Years, Bachelor of Technology)",120.0,0.0,120.0,336,32,368,248.0
"Data Science and Engineering (4 Years, Bachelor of Technology)",82.0,8.0,90.0,32,8,40,-50.0
"Data Science and Engineering (4 Years, Bachelor of Technology) Other than PUNJAB",20.0,0.0,20.0,30,0,30,10.0
"Data Science and Engineering (4 Years, Bachelor of Technology) PUNJAB",20.0,0.0,20.0,30,0,30,10.0
"Earth Sciences (4 Years, Bachelor of Science)",34.0,9.0,43.0,34,9,43,0.0
"Economics (4 Years, Bachelor of Science)",164.0,11.0,175.0,164,11,175,0.0
"Economics (5 Years, Bachelor of Science and Master of Science (Dual Degree))",33.0,0.0,33.0,33,0,33,0.0
"Electrical Engineering (4 Years, Bachelor of Technology)",1642.0,211.0,1853.0,2248,198,2446,593.0
"Electrical Engineering (4 Years, Bachelor of Technology) ARUNACHAL PRADESH",16.0,0.0,16.0,21,0,21,5.0
"Electrical Engineering (4 Years, Bachelor of Technology) ASSAM",81.0,0.0,81.0,81,0,81,0.0
"Electrical Engineering (4 Years, Bachelor of Technology) BIHAR",60.0,0.0,60.0,58,0,58,-2.0
"Electrical Engineering (4 Years, Bachelor of Technology) CHHATTISGARH",57.0,0.0,57.0,57,0,57,0.0
"Electrical Engineering (4 Years, Bachelor of Technology) DELHI (NCT) CHANDIGARH (UT)",30.0,0.0,30.0,30,0,30,0.0
"Electrical Engineering (4 Years, Bachelor of Technology) HARYANA",54.0,0.0,54.0,54,0,54,0.0
"Electrical Engineering (4 Years, Bachelor of Technology) HIMACHAL PRADESH",62.0,0.0,62.0,63,0,63,1.0
"Electrical Engineering (4 Years, Bachelor of Technology) JHARKHAND",57.0,0.0,57.0,57,0,57,0.0
"Electrical Engineering (4 Years, Bachelor of Technology) MADHYA PRADESH",55.0,13.0,68.0,54,12,66,-2.0
"Electrical Engineering (4 Years, Bachelor of Technology) MANIPUR",19.0,0.0,19.0,19,0,19,0.0
"Electrical Engineering (4 Years, Bachelor of Technology) MIZORAM",16.0,2.0,18.0,15,2,17,-1.0
"Electrical Engineering (4 Years, Bachelor of Technology) ODISHA",57.0,0.0,57.0,57,1,58,1.0
"Electrical Engineering (4 Years, Bachelor of Technology) Other than ARUNACHAL PRADESH",16.0,0.0,16.0,21,0,21,5.0
"Electrical Engineering (4 Years, Bachelor of Technology) Other than ASSAM",81.0,0.0,81.0,81,0,81,0.0
"Electrical Engineering (4 Years, Bachelor of Technology) Other than BIHAR",60.0,0.0,60.0,58,0,58,-2.0
"Electrical Engineering (4 Years, Bachelor of Technology) Other than CHHATTISGARH",58.0,0.0,58.0,58,0,58,0.0
"Electrical Engineering (4 Years, Bachelor of Technology) Other than DELHI (NCT) CHANDIGARH (UT)",30.0,0.0,30.0,30,0,30,0.0
"Electrical Engineering (4 Years, Bachelor of Technology) Other than HARYANA",54.0,0.0,54.0,54,0,54,0.0
"Electrical Engineering (4 Years, Bachelor of Technology) Other than HIMACHAL PRADESH",63.0,0.0,63.0,62,0,62,-1.0
"Electrical Engineering (4 Years, Bachelor of Technology) Other than JAMMU & KASHMIR (UT) LADAKH (UT)",54.0,2.0,56.0,50,2,52,-4.0
"Electrical Engineering (4 Years, Bachelor of Technology) Other than JHARKHAND",57.0,0.0,57.0,57,0,57,0.0
"Electrical Engineering (4 Years, Bachelor of Technology) Other than MADHYA PRADESH",54.0,14.0,68.0,54,12,66,-2.0
"Electrical Engineering (4 Years, Bachelor of Technology) Other than MANIPUR",19.0,0.0,19.0,19,0,19,0.0
"Electrical Engineering (4 Years, Bachelor of Technology) Other than MIZORAM",17.0,1.0,18.0,16,1,17,-1.0
"Electrical Engineering (4 Years, Bachelor of Technology) Other than ODISHA",56.0,0.0,56.0,56,0,56,0.0
"Electrical Engineering (4 Years, Bachelor of Technology) Other than PUNJAB",30.0,0.0,30.0,30,0,30,0.0
"Electrical Engineering (4 Years, Bachelor of Technology) Other than RAJASTHAN",59.0,0.0,59.0,59,0,59,0.0
"Electrical Engineering (4 Years, Bachelor of Technology) Other than TRIPURA",50.0,13.0,63.0,47,13,60,-3.0
"Electrical Engineering (4 Years, Bachelor of Technology) Other than UTTAR PRADESH",49.0,3.0,52.0,49,3,52,0.0
"Electrical Engineering (4 Years, Bachelor of Technology) Other than WEST BENGAL",50.0,0.0,50.0,101,0,101,51.0
"Electrical Engineering (4 Years, Bachelor of Technology) PUNJAB",30.0,0.0,30.0,30,0,30,0.0
"Electrical Engineering (4 Years, Bachelor of Technology) RAJASTHAN",58.0,0.0,58.0,58,0,58,0.0
"Electrical Engineering (4 Years, Bachelor of Technology) TRIPURA",48.0,14.0,62.0,46,14,60,-2.0
"Electrical Engineering (4 Years, Bachelor of Technology) UTTAR PRADESH",48.0,3.0,51.0,48,3,51,0.0
"Electrical Engineering (4 Years, Bachelor of Technology) WEST BENGAL",50.0,0.0,50.0,101,0,101,51.0
"Electrical Engineering (5 Years, Bachelor and Master of Technology (Dual Degree))",96.0,14.0,110.0,110,9,119,9.0
"Electrical Engineering (5 Years, Bachelor and Master of Technology (Dual Degree)) HARYANA",6.0,0.0,6.0,6,0,6,0.0
"Electrical Engineering (5 Years, Bachelor and Master of Technology (Dual Degree)) Other than HARYANA",6.0,0.0,6.0,6,0,6,0.0
"Electrical Engineering (IC Design and Technology) (4 Years, Bachelor of Technology)",21.0,4.0,25.0,26,4,30,5.0
"Electrical Engineering (Power and Automation) (4 Years, Bachelor of Technology)",61.0,4.0,65.0,54,0,54,-11.0
"Electrical and Electronics Engineering (4 Years, Bachelor of Technology)",76.0,4.0,80.0,417,25,442,362.0
"Electrical and Electronics Engineering (4 Years, Bachelor of Technology) DAMAN & DIU (UT) DADRA & NAGAR HAVELI (UT) LAKSHADWEEP (UT)",5.0,0.0,5.0,5,0,5,0.0
"Electrical and Electronics Engineering (4 Years, Bachelor of Technology) GOA",20.0,0.0,20.0,20,0,20,0.0
"Electrical and Electronics Engineering (4 Years, Bachelor of Technology) KARNATAKA",58.0,0.0,58.0,58,0,58,0.0
"Electrical and Electronics Engineering (4 Years, Bachelor of Technology) KERALA",86.0,0.0,86.0,86,0,86,0.0
"Electrical and Electronics Engineering (4 Years, Bachelor of Technology) MEGHALAYA",16.0,0.0,16.0,16,0,16,0.0
"Electrical and Electronics Engineering (4 Years, Bachelor of Technology) NAGALAND",15.0,0.0,15.0,15,0,15,0.0
"Electrical and Electronics Engineering (4 Years, Bachelor of Technology) Other than GOA DAMAN & DIU (UT) DADRA & NAGAR HAVELI (UT) LAKSHADWEEP (UT)",25.0,0.0,25.0,25,0,25,0.0
"Electrical and Electronics Engineering (4 Years, Bachelor of Technology) Other than KARNATAKA",58.0,0.0,58.0,58,0,58,0.0
"Electrical and Electronics Engineering (4 Years, Bachelor of Technology) Other than KERALA",86.0,0.0,86.0,86,0,86,0.0
"Electrical and Electronics Engineering (4 Years, Bachelor of Technology) Other than MEGHALAYA",17.0,0.0,17.0,17,0,17,0.0
"Electrical and Electronics Engineering (4 Years, Bachelor of Technology) Other than NAGALAND",18.0,0.0,18.0,18,0,18,0.0
"Electrical and Electronics Engineering (4 Years, Bachelor of Technology) Other than PUDUCHERRY (UT) ANDAMAN & NICOBAR ISLANDS (UT)",30.0,0.0,30.0,30,0,30,0.0
"Electrical and Electronics Engineering (4 Years, Bachelor of Technology) Other than SIKKIM",15.0,0.0,15.0,15,0,15,0.0
"Electrical and Electronics Engineering (4 Years, Bachelor of Technology) Other than TAMIL NADU",58.0,0.0,58.0,58,0,58,0.0
"Electrical and Electronics Engineering (4 Years, Bachelor of Technology) Other than UTTARAKHAND",14.0,4.0,18.0,18,0,18,0.0
"Electrical and Electronics Engineering (4 Years, Bachelor of Technology) PUDUCHERRY (UT) ANDAMAN & NICOBAR ISLANDS (UT)",30.0,0.0,30.0,30,0,30,0.0
"Electrical and Electronics Engineering (4 Years, Bachelor of Technology) SIKKIM",15.0,0.0,15.0,15,0,15,0.0
"Electrical and Electronics Engineering (4 Years, Bachelor of Technology) TAMIL NADU",58.0,0.0,58.0,58,0,58,0.0
"Electrical and Electronics Engineering (4 Years, Bachelor of Technology) UTTARAKHAND",14.0,4.0,18.0,18,0,18,0.0
"Electronics Engineering (4 Years, Bachelor of Technology)",123.0,10.0,133.0,185,20,205,72.0
"Electronics and Communication Engineering (4 Years, Bachelor of Technology)",490.0,36.0,526.0,3583,267,3850,3324.0
"Electronics and Communication Engineering (4 Years, Bachelor of Technology) ARUNACHAL PRADESH",16.0,0.0,16.0,21,0,21,5.0
"Electronics and Communication Engineering (4 Years, Bachelor of Technology) ASSAM",81.0,0.0,81.0,81,0,81,0.0
"Electronics and Communication Engineering (4 Years, Bachelor of Technology) BIHAR",79.0,0.0,79.0,50,0,50,-29.0
"Electronics and Communication Engineering (4 Years, Bachelor of Technology) CHHATTISGARH",57.0,0.0,57.0,57,0,57,0.0
"Electronics and Communication Engineering (4 Years, Bachelor of Technology) DAMAN & DIU (UT) DADRA & NAGAR HAVELI (UT) LAKSHADWEEP (UT)",5.0,0.0,5.0,5,0,5,0.0
"Electronics and Communication Engineering (4 Years, Bachelor of Technology) DELHI (NCT) CHANDIGARH (UT)",30.0,0.0,30.0,30,0,30,0.0
"Electronics and Communication Engineering (4 Years, Bachelor of Technology) GOA",20.0,0.0,20.0,20,0,20,0.0
"Electronics and Communication Engineering (4 Years, Bachelor of Technology) HARYANA",54.0,0.0,54.0,54,0,54,0.0
"Electronics and Communication Engineering (4 Years, Bachelor of Technology) HIMACHAL PRADESH",59.0,0.0,59.0,58,0,58,-1.0
"Electronics and Communication Engineering (4 Years, Bachelor of Technology) JHARKHAND",58.0,0.0,58.0,58,0,58,0.0
"Electronics and Communication Engineering (4 Years, Bachelor of Technology) KARNATAKA",58.0,0.0,58.0,58,0,58,0.0
"Electronics and Communication Engineering (4 Years, Bachelor of Technology) KERALA",86.0,1.0,87.0,86,0,86,-1.0
"Electronics and Communication Engineering (4 Years, Bachelor of Technology) MADHYA PRADESH",69.0,18.0,87.0,69,18,87,0.0
"Electronics and Communication Engineering (4 Years, Bachelor of Technology) MANIPUR",19.0,0.0,19.0,19,0,19,0.0
"Electronics and Communication Engineering (4 Years, Bachelor of Technology) MEGHALAYA",16.0,0.0,16.0,16,0,16,0.0
"Electronics and Communication Engineering (4 Years, Bachelor of Technology) MIZORAM",15.0,3.0,18.0,16,1,17,-1.0
"Electronics and Communication Engineering (4 Years, Bachelor of Technology) NAGALAND",15.0,0.0,15.0,15,0,15,0.0
"Electronics and Communication Engineering (4 Years, Bachelor of Technology) ODISHA",28.0,0.0,28.0,28,0,28,0.0
"Electronics and Communication Engineering (4 Years, Bachelor of Technology) Other than ARUNACHAL PRADESH",16.0,0.0,16.0,21,0,21,5.0
"Electronics and Communication Engineering (4 Years, Bachelor of Technology) Other than ASSAM",81.0,0.0,81.0,81,0,81,0.0
"Electronics and Communication Engineering (4 Years, Bachelor of Technology) Other than BIHAR",79.0,0.0,79.0,50,0,50,-29.0
"Electronics and Communication Engineering (4 Years, Bachelor of Technology) Other than CHHATTISGARH",57.0,0.0,57.0,57,0,57,0.0
"Electronics and Communication Engineering (4 Years, Bachelor of Technology) Other than DELHI (NCT) CHANDIGARH (UT)",30.0,0.0,30.0,30,0,30,0.0
"Electronics and Communication Engineering (4 Years, Bachelor of Technology) Other than GOA DAMAN & DIU (UT) DADRA & NAGAR HAVELI (UT) LAKSHADWEEP (UT)",25.0,0.0,25.0,25,0,25,0.0
"Electronics and Communication Engineering (4 Years, Bachelor of Technology) Other than HARYANA",54.0,0.0,54.0,54,0,54,0.0
"Electronics and Communication Engineering (4 Years, Bachelor of Technology) Other than HIMACHAL PRADESH",58.0,0.0,58.0,59,0,59,1.0
"Electronics and Communication Engineering (4 Years, Bachelor of Technology) Other than JAMMU & KASHMIR (UT) LADAKH (UT)",52.0,1.0,53.0,49,1,50,-3.0
"Electronics and Communication Engineering (4 Years, Bachelor of Technology) Other than JHARKHAND",58.0,0.0,58.0,58,0,58,0.0
"Electronics and Communication Engineering (4 Years, Bachelor of Technology) Other than KARNATAKA",58.0,0.0,58.0,58,0,58,0.0
"Electronics and Communication Engineering (4 Years, Bachelor of Technology) Other than KERALA",86.0,0.0,86.0,86,1,87,1.0
"Electronics and Communication Engineering (4 Years, Bachelor of Technology) Other than MADHYA PRADESH",69.0,17.0,86.0,69,17,86,0.0
"Electronics and Communication Engineering (4 Years, Bachelor of Technology) Other than MANIPUR",19.0,0.0,19.0,19,0,19,0.0
"Electronics and Communication Engineering (4 Years, Bachelor of Technology) Other than MEGHALAYA",17.0,0.0,17.0,17,0,17,0.0
"Electronics and Communication Engineering (4 Years, Bachelor of Technology) Other than MIZORAM",16.0,2.0,18.0,15,2,17,-1.0
"Electronics and Communication Engineering (4 Years, Bachelor of Technology) Other than NAGALAND",18.0,1.0,19.0,18,1,19,0.0
"Electronics and Communication Engineering (4 Years, Bachelor of Technology) Other than ODISHA",28.0,0.0,28.0,28,0,28,0.0
"Electronics and Communication Engineering (4 Years, Bachelor of Technology) Other than PUDUCHERRY (UT) ANDAMAN & NICOBAR ISLANDS (UT)",30.0,0.0,30.0,30,0,30,0.0
"Electronics and Communication Engineering (4 Years, Bachelor of Technology) Other than PUNJAB",43.0,0.0,43.0,42,0,42,-1.0
"Electronics and Communication Engineering (4 Years, Bachelor of Technology) Other than RAJASTHAN",58.0,0.0,58.0,58,0,58,0.0
"Electronics and Communication Engineering (4 Years, Bachelor of Technology) Other than SIKKIM",15.0,0.0,15.0,15,0,15,0.0
"Electronics and Communication Engineering (4 Years, Bachelor of Technology) Other than TAMIL NADU",59.0,0.0,59.0,59,0,59,0.0
"Electronics and Communication Engineering (4 Years, Bachelor of Technology) Other than TELANGANA",50.0,0.0,50.0,50,0,50,0.0
"Electronics and Communication Engineering (4 Years, Bachelor of Technology) Other than TRIPURA",51.0,13.0,64.0,47,13,60,-4.0
"Electronics and Communication Engineering (4 Years, Bachelor of Technology) Other than UTTAR PRADESH",86.0,5.0,91.0,86,5,91,0.0
"Electronics and Communication Engineering (4 Years, Bachelor of Technology) Other than UTTARAKHAND",17.0,3.0,20.0,20,0,20,0.0
"Electronics and Communication Engineering (4 Years, Bachelor of Technology) Other than WEST BENGAL",48.0,0.0,48.0,48,0,48,0.0
"Electronics and Communication Engineering (4 Years, Bachelor of Technology) PUDUCHERRY (UT) ANDAMAN & NICOBAR ISLANDS (UT)",30.0,0.0,30.0,30,0,30,0.0
"Electronics and Communication Engineering (4 Years, Bachelor of Technology) PUNJAB",43.0,0.0,43.0,43,0,43,0.0
"Electronics and Communication Engineering (4 Years, Bachelor of Technology) RAJASTHAN",59.0,0.0,59.0,59,0,59,0.0
"Electronics and Communication Engineering (4 Years, Bachelor of Technology) SIKKIM",15.0,0.0,15.0,15,0,15,0.0
"Electronics and Communication Engineering (4 Years, Bachelor of Technology) TAMIL NADU",58.0,0.0,58.0,58,0,58,0.0
"Electronics and Communication Engineering (4 Years, Bachelor of Technology) TELANGANA",50.0,0.0,50.0,50,0,50,0.0
"Electronics and Communication Engineering (4 Years, Bachelor of Technology) TRIPURA",49.0,15.0,64.0,45,15,60,-4.0
"Electronics and Communication Engineering (4 Years, Bachelor of Technology) UTTAR PRADESH",87.0,4.0,91.0,87,4,91,0.0
"Electronics and Communication Engineering (4 Years, Bachelor of Technology) UTTARAKHAND",15.0,5.0,20.0,20,0,20,0.0
"Electronics and Communication Engineering (4 Years, Bachelor of Technology) WEST BENGAL",49.0,0.0,49.0,49,0,49,0.0
"Electronics and Communication Engineering (5 Years, Bachelor and Master of Technology (Dual Degree)) HARYANA",6.0,0.0,6.0,6,0,6,0.0
"Electronics and Communication Engineering (5 Years, Bachelor and Master of Technology (Dual Degree)) HIMACHAL PRADESH",14.0,0.0,14.0,14,0,14,0.0
"Electronics and Communication Engineering (5 Years, Bachelor and Master of Technology (Dual Degree)) Other than HARYANA",6.0,0.0,6.0,6,0,6,0.0
"Electronics and Communication Engineering (5 Years, Bachelor and Master of Technology (Dual Degree)) Other than HIMACHAL PRADESH",14.0,0.0,14.0,14,0,14,0.0
"Electronics and Communication Engineering (VLSI Design and Technology) (4 Years, Bachelor of Technology) Other than TELANGANA",20.0,0.0,20.0,20,0,20,0.0
"Electronics and Communication Engineering (VLSI Design and Technology) (4 Years, Bachelor of Technology) TELANGANA",20.0,0.0,20.0,20,0,20,0.0
"Electronics and Communication Engineering with Specialization in Microelectronics and VLSI System Design (5 Years, Bachelor and Master of Technology (Dual Degree)) BIHAR",11.0,0.0,11.0,11,0,11,0.0
"Electronics and Communication Engineering with Specialization in Microelectronics and VLSI System Design (5 Years, Bachelor and Master of Technology (Dual Degree)) Other than BIHAR",11.0,0.0,11.0,11,0,11,0.0
"Electronics and Electrical Communication Engineering (4 Years, Bachelor of Technology)",127.0,23.0,150.0,127,23,150,0.0
"Electronics and Electrical Engineering (4 Years, Bachelor of Technology)",52.0,10.0,62.0,52,10,62,0.0
"Electronics and Instrumentation Engineering (4 Years, Bachelor of Technology) ASSAM",50.0,0.0,50.0,50,0,50,0.0
"Electronics and Instrumentation Engineering (4 Years, Bachelor of Technology) NAGALAND",15.0,0.0,15.0,15,0,15,0.0
"Electronics and Instrumentation Engineering (4 Years, Bachelor of Technology) ODISHA",28.0,0.0,28.0,28,0,28,0.0
"Electronics and Instrumentation Engineering (4 Years, Bachelor of Technology) Other than ASSAM",50.0,0.0,50.0,50,0,50,0.0
"Electronics and Instrumentation Engineering (4 Years, Bachelor of Technology) Other than NAGALAND",18.0,0.0,18.0,18,1,19,1.0
"Electronics and Instrumentation Engineering (4 Years, Bachelor of Technology) Other than ODISHA",28.0,0.0,28.0,28,0,28,0.0
"Electronics and Instrumentation Engineering (4 Years, Bachelor of Technology) Other than TRIPURA",30.0,8.0,38.0,36,9,45,7.0
"Electronics and Instrumentation Engineering (4 Years, Bachelor of Technology) TRIPURA",29.0,8.0,37.0,35,10,45,8.0
"Electronics and VLSI Engineering (4 Years, Bachelor of Technology) Other than PUNJAB",15.0,0.0,15.0,15,0,15,0.0
"Electronics and VLSI Engineering (4 Years, Bachelor of Technology) PUNJAB",15.0,0.0,15.0,15,0,15,0.0
"Energy Engineering (4 Years, Bachelor of Technology)",121.0,7.0,128.0,141,6,147,19.0
"Engineering Design (5 Years, Bachelor and Master of Technology (Dual Degree))",71.0,3.0,74.0,63,3,66,-8.0
"Engineering Physics (4 Years, Bachelor of Technology)",487.0,35.0,522.0,567,35,602,80.0
"Engineering Physics (4 Years, Bachelor of Technology) HIMACHAL PRADESH",25.0,0.0,25.0,25,0,25,0.0
"Engineering Physics (4 Years, Bachelor of Technology) KERALA",18.0,0.0,18.0,19,0,19,1.0
"Engineering Physics (4 Years, Bachelor of Technology) Other than HIMACHAL PRADESH",25.0,0.0,25.0,25,0,25,0.0
"Engineering Physics (4 Years, Bachelor of Technology) Other than KERALA",19.0,0.0,19.0,18,0,18,-1.0
"Engineering Physics (5 Years, Bachelor and Master of Technology (Dual Degree)) Other than TRIPURA",13.0,0.0,13.0,13,0,13,0.0
"Engineering Physics (5 Years, Bachelor and Master of Technology (Dual Degree)) TRIPURA",12.0,0.0,12.0,12,0,12,0.0
"Engineering Science (4 Years, Bachelor of Technology)",33.0,7.0,40.0,33,7,40,0.0
"Engineering and Computational Mechanics (4 Years, Bachelor of Technology)",40.0,0.0,40.0,40,0,40,0.0
"Engineering and Computational Mechanics (4 Years, Bachelor of Technology) JHARKHAND",15.0,0.0,15.0,15,0,15,0.0
"Engineering and Computational Mechanics (4 Years, Bachelor of Technology) Other than JHARKHAND",15.0,0.0,15.0,15,0,15,0.0
"Engineering and Computational Mechanics (4 Years, Bachelor of Technology) Other than UTTAR PRADESH",15.0,0.0,15.0,15,0,15,0.0
"Engineering and Computational Mechanics (4 Years, Bachelor of Technology) UTTAR PRADESH",15.0,0.0,15.0,15,0,15,0.0
"Environmental Engineering (4 Years, Bachelor of Technology)",47.0,1.0,48.0,47,1,48,0.0
"Environmental Science and Engineering (4 Years, Bachelor of Technology)",37.0,9.0,46.0,37,9,46,0.0
"Exploration Geophysics (4 Years, Bachelor of Science)",45.0,0.0,45.0,45,0,45,0.0
"Food Process Engineering (4 Years, Bachelor of Technology) ODISHA",15.0,0.0,15.0,15,0,15,0.0
"Food Process Engineering (4 Years, Bachelor of Technology) Other than ODISHA",15.0,0.0,15.0,15,1,16,1.0
"Geological Technology (5 Years, Integrated Master of Technology)",38.0,0.0,38.0,38,0,38,0.0
"Geophysical Technology (5 Years, Integrated Master of Technology)",38.0,3.0,41.0,38,3,41,0.0
"Industrial Chemistry (4 Years, Bachelor of Technology)",22.0,3.0,25.0,51,3,54,29.0
"Industrial Design (4 Years, Bachelor of Technology) ODISHA",14.0,0.0,14.0,14,0,14,0.0
"Industrial Design (4 Years, Bachelor of Technology) Other than ODISHA",14.0,0.0,14.0,14,0,14,0.0
"Industrial Engineering and Operations Research (4 Years, Bachelor of Technology)",36.0,4.0,40.0,36,4,40,0.0
"Industrial Internet of Things (4 Years, Bachelor of Technology) HARYANA",30.0,0.0,30.0,30,0,30,0.0
"Industrial Internet of Things (4 Years, Bachelor of Technology) Other than HARYANA",30.0,0.0,30.0,30,0,30,0.0
"Industrial and Production Engineering (4 Years, Bachelor of Technology) Other than PUNJAB",37.0,0.0,37.0,35,0,35,-2.0
"Industrial and Production Engineering (4 Years, Bachelor of Technology) PUNJAB",38.0,0.0,38.0,35,0,35,-3.0
"Industrial and Systems Engineering (4 Years, Bachelor of Technology)",63.0,9.0,72.0,63,9,72,0.0
"Information Technology (4 Years, Bachelor of Technology) CHHATTISGARH",57.0,0.0,57.0,57,0,57,0.0
"Information Technology (4 Years, Bachelor of Technology) HARYANA",30.0,0.0,30.0,30,0,30,0.0
"Information Technology (4 Years, Bachelor of Technology) KARNATAKA",38.0,0.0,38.0,38,0,38,0.0
"Information Technology (4 Years, Bachelor of Technology) Other than CHHATTISGARH",57.0,0.0,57.0,57,0,57,0.0
"Information Technology (4 Years, Bachelor of Technology) Other than HARYANA",30.0,0.0,30.0,30,0,30,0.0
"Information Technology (4 Years, Bachelor of Technology) Other than JAMMU & KASHMIR (UT) LADAKH (UT)",41.0,2.0,43.0,62,2,64,21.0
"Information Technology (4 Years, Bachelor of Technology) Other than KARNATAKA",38.0,0.0,38.0,38,0,38,0.0
"Information Technology (4 Years, Bachelor of Technology) Other than PUNJAB",60.0,0.0,60.0,60,0,60,0.0
"Information Technology (4 Years, Bachelor of Technology) PUNJAB",60.0,0.0,60.0,60,0,60,0.0
"Instrumentation Engineering (4 Years, Bachelor of Technology)",41.0,3.0,44.0,44,3,47,3.0
"Instrumentation and Control Engineering (4 Years, Bachelor of Technology) Other than PUNJAB",50.0,0.0,50.0,45,0,45,-5.0
"Instrumentation and Control Engineering (4 Years, Bachelor of Technology) Other than TAMIL NADU",59.0,0.0,59.0,59,0,59,0.0
"Instrumentation and Control Engineering (4 Years, Bachelor of Technology) PUNJAB",50.0,0.0,50.0,45,0,45,-5.0
"Instrumentation and Control Engineering (4 Years, Bachelor of Technology) TAMIL NADU",58.0,0.0,58.0,58,0,58,0.0
"Integrated Circuit Design & Technology (4 Years, Bachelor of Technology)",24.0,6.0,30.0,24,6,30,0.0
"Interdisciplinary Sciences (5 Years, Bachelor of Science and Master of Science (Dual Degree))",57.0,3.0,60.0,57,3,60,0.0
"Life Science (5 Years, Integrated Master of Science) ODISHA",10.0,0.0,10.0,10,0,10,0.0
"Life Science (5 Years, Integrated Master of Science) Other than ODISHA",10.0,0.0,10.0,10,0,10,0.0
"Manufacturing Science and Engineering (4 Years, Bachelor of Technology)",55.0,11.0,66.0,55,11,66,0.0
"Material Science and Engineering (5 Years, Bachelor and Master of Technology (Dual Degree)) BIHAR",5.0,0.0,5.0,6,0,6,1.0
"Material Science and Engineering (5 Years, Bachelor and Master of Technology (Dual Degree)) Other than BIHAR",5.0,0.0,5.0,6,0,6,1.0
"Materials Engineering (4 Years, Bachelor of Technology)",153.0,17.0,170.0,152,18,170,0.0
"Materials Engineering (4 Years, Bachelor of Technology) Other than UTTAR PRADESH",15.0,0.0,15.0,15,0,15,0.0
"Materials Engineering (4 Years, Bachelor of Technology) UTTAR PRADESH",15.0,0.0,15.0,15,0,15,0.0
"Materials Science and Engineering (4 Years, Bachelor of Technology)",68.0,17.0,85.0,68,17,85,0.0
"Materials Science and Engineering (4 Years, Bachelor of Technology) HIMACHAL PRADESH",20.0,0.0,20.0,20,0,20,0.0
"Materials Science and Engineering (4 Years, Bachelor of Technology) KERALA",15.0,0.0,15.0,15,0,15,0.0
"Materials Science and Engineering (4 Years, Bachelor of Technology) Other than HIMACHAL PRADESH",20.0,0.0,20.0,20,0,20,0.0
"Materials Science and Engineering (4 Years, Bachelor of Technology) Other than KERALA",15.0,0.0,15.0,15,0,15,0.0
"Materials Science and Metallurgical Engineering (4 Years, Bachelor of Technology)",49.0,6.0,55.0,59,6,65,10.0
"Materials Science and Metallurgical Engineering (4 Years, Bachelor of Technology) MADHYA PRADESH",31.0,8.0,39.0,29,7,36,-3.0
"Materials Science and Metallurgical Engineering (4 Years, Bachelor of Technology) Other than MADHYA PRADESH",31.0,8.0,39.0,28,7,35,-4.0
"Mathematics & Computing (5 Years, Bachelor of Science and Master of Science (Dual Degree))",44.0,5.0,49.0,44,5,49,0.0
"Mathematics & Computing (5 Years, Bachelor of Science and Master of Science (Dual Degree)) Other than TRIPURA",13.0,0.0,13.0,20,0,20,7.0
"Mathematics & Computing (5 Years, Bachelor of Science and Master of Science (Dual Degree)) TRIPURA",12.0,0.0,12.0,20,0,20,8.0
"Mathematics (5 Years, Integrated Master of Science) ODISHA",12.0,0.0,12.0,12,0,12,0.0
"Mathematics (5 Years, Integrated Master of Science) Other than ODISHA",13.0,0.0,13.0,13,0,13,0.0
"Mathematics and Computing (4 Years, Bachelor of Science)",69.0,0.0,69.0,69,0,69,0.0
"Mathematics and Computing (4 Years, Bachelor of Technology)",442.0,24.0,466.0,754,24,778,312.0
"Mathematics and Computing (4 Years, Bachelor of Technology) HARYANA",29.0,0.0,29.0,29,0,29,0.0
"Mathematics and Computing (4 Years, Bachelor of Technology) HIMACHAL PRADESH",25.0,0.0,25.0,25,0,25,0.0
"Mathematics and Computing (4 Years, Bachelor of Technology) MIZORAM",5.0,0.0,5.0,5,0,5,0.0
"Mathematics and Computing (4 Years, Bachelor of Technology) Other than HARYANA",28.0,0.0,28.0,28,0,28,0.0
"Mathematics and Computing (4 Years, Bachelor of Technology) Other than HIMACHAL PRADESH",25.0,0.0,25.0,25,0,25,0.0
"Mathematics and Computing (4 Years, Bachelor of Technology) Other than MIZORAM",5.0,0.0,5.0,5,0,5,0.0
"Mathematics and Computing (4 Years, Bachelor of Technology) Other than PUNJAB",20.0,0.0,20.0,25,0,25,5.0
"Mathematics and Computing (4 Years, Bachelor of Technology) Other than TELANGANA",15.0,0.0,15.0,15,0,15,0.0
"Mathematics and Computing (4 Years, Bachelor of Technology) PUNJAB",20.0,0.0,20.0,25,0,25,5.0
"Mathematics and Computing (4 Years, Bachelor of Technology) TELANGANA",15.0,0.0,15.0,15,0,15,0.0
"Mathematics and Computing (5 Years, Bachelor and Master of Technology (Dual Degree))",82.0,3.0,85.0,33,0,33,-52.0
"Mathematics and Computing Technology (5 Years, Bachelor and Master of Technology (Dual Degree)) BIHAR",5.0,0.0,5.0,6,0,6,1.0
"Mathematics and Computing Technology (5 Years, Bachelor and Master of Technology (Dual Degree)) Other than BIHAR",5.0,0.0,5.0,6,0,6,1.0
"Mathematics and Data Science (5 Years, Bachelor and Master of Technology (Dual Degree)) MADHYA PRADESH",12.0,3.0,15.0,12,3,15,0.0
"Mathematics and Data Science (5 Years, Bachelor and Master of Technology (Dual Degree)) Other than MADHYA PRADESH",12.0,3.0,15.0,12,3,15,0.0
"Mathematics and Scientific Computing (4 Years, Bachelor of Science)",51.0,13.0,64.0,51,13,64,0.0
"Mechanical Engineering (4 Years, Bachelor of Technology)",1963.0,312.0,2275.0,3006,337,3343,1068.0
"Mechanical Engineering (4 Years, Bachelor of Technology) ARUNACHAL PRADESH",16.0,0.0,16.0,21,0,21,5.0
"Mechanical Engineering (4 Years, Bachelor of Technology) ASSAM",80.0,0.0,80.0,80,0,80,0.0
"Mechanical Engineering (4 Years, Bachelor of Technology) BIHAR",60.0,0.0,60.0,58,1,59,-1.0
"Mechanical Engineering (4 Years, Bachelor of Technology) CHHATTISGARH",58.0,0.0,58.0,58,0,58,0.0
"Mechanical Engineering (4 Years, Bachelor of Technology) DAMAN & DIU (UT) DADRA & NAGAR HAVELI (UT) LAKSHADWEEP (UT)",4.0,0.0,4.0,4,0,4,0.0
"Mechanical Engineering (4 Years, Bachelor of Technology) DELHI (NCT) CHANDIGARH (UT)",20.0,0.0,20.0,20,0,20,0.0
"Mechanical Engineering (4 Years, Bachelor of Technology) GOA",15.0,0.0,15.0,15,0,15,0.0
"Mechanical Engineering (4 Years, Bachelor of Technology) HARYANA",54.0,0.0,54.0,54,0,54,0.0
"Mechanical Engineering (4 Years, Bachelor of Technology) HIMACHAL PRADESH",62.0,0.0,62.0,63,0,63,1.0
"Mechanical Engineering (4 Years, Bachelor of Technology) JHARKHAND",58.0,0.0,58.0,58,0,58,0.0
"Mechanical Engineering (4 Years, Bachelor of Technology) KARNATAKA",87.0,0.0,87.0,87,0,87,0.0
"Mechanical Engineering (4 Years, Bachelor of Technology) KERALA",85.0,18.0,103.0,86,16,102,-1.0
"Mechanical Engineering (4 Years, Bachelor of Technology) MADHYA PRADESH",86.0,21.0,107.0,76,16,92,-15.0
"Mechanical Engineering (4 Years, Bachelor of Technology) MANIPUR",19.0,0.0,19.0,19,0,19,0.0
"Mechanical Engineering (4 Years, Bachelor of Technology) MEGHALAYA",17.0,0.0,17.0,17,0,17,0.0
"Mechanical Engineering (4 Years, Bachelor of Technology) MIZORAM",17.0,1.0,18.0,16,1,17,-1.0
"Mechanical Engineering (4 Years, Bachelor of Technology) NAGALAND",15.0,0.0,15.0,15,0,15,0.0
"Mechanical Engineering (4 Years, Bachelor of Technology) ODISHA",57.0,0.0,57.0,57,0,57,0.0
"Mechanical Engineering (4 Years, Bachelor of Technology) Other than ARUNACHAL PRADESH",16.0,0.0,16.0,21,0,21,5.0
"Mechanical Engineering (4 Years, Bachelor of Technology) Other than ASSAM",81.0,0.0,81.0,81,0,81,0.0
"Mechanical Engineering (4 Years, Bachelor of Technology) Other than BIHAR",60.0,0.0,60.0,58,0,58,-2.0
"Mechanical Engineering (4 Years, Bachelor of Technology) Other than CHHATTISGARH",57.0,0.0,57.0,57,0,57,0.0
"Mechanical Engineering (4 Years, Bachelor of Technology) Other than DELHI (NCT) CHANDIGARH (UT)",20.0,0.0,20.0,20,0,20,0.0
"Mechanical Engineering (4 Years, Bachelor of Technology) Other than GOA DAMAN & DIU (UT) DADRA & NAGAR HAVELI (UT) LAKSHADWEEP (UT)",18.0,0.0,18.0,18,0,18,0.0
"Mechanical Engineering (4 Years, Bachelor of Technology) Other than HARYANA",54.0,0.0,54.0,54,0,54,0.0
"Mechanical Engineering (4 Years, Bachelor of Technology) Other than HIMACHAL PRADESH",63.0,0.0,63.0,62,0,62,-1.0
"Mechanical Engineering (4 Years, Bachelor of Technology) Other than JAMMU & KASHMIR (UT) LADAKH (UT)",56.0,3.0,59.0,49,3,52,-7.0
"Mechanical Engineering (4 Years, Bachelor of Technology) Other than JHARKHAND",57.0,0.0,57.0,57,0,57,0.0
"Mechanical Engineering (4 Years, Bachelor of Technology) Other than KARNATAKA",87.0,0.0,87.0,87,1,88,1.0
"Mechanical Engineering (4 Years, Bachelor of Technology) Other than KERALA",85.0,18.0,103.0,86,17,103,0.0
"Mechanical Engineering (4 Years, Bachelor of Technology) Other than MADHYA PRADESH",86.0,21.0,107.0,76,16,92,-15.0
"Mechanical Engineering (4 Years, Bachelor of Technology) Other than MANIPUR",19.0,0.0,19.0,19,0,19,0.0
"Mechanical Engineering (4 Years, Bachelor of Technology) Other than MEGHALAYA",16.0,0.0,16.0,16,0,16,0.0
"Mechanical Engineering (4 Years, Bachelor of Technology) Other than MIZORAM",17.0,1.0,18.0,16,1,17,-1.0
"Mechanical Engineering (4 Years, Bachelor of Technology) Other than NAGALAND",18.0,1.0,19.0,18,0,18,-1.0
"Mechanical Engineering (4 Years, Bachelor of Technology) Other than ODISHA",56.0,0.0,56.0,56,0,56,0.0
"Mechanical Engineering (4 Years, Bachelor of Technology) Other than PUDUCHERRY (UT) ANDAMAN & NICOBAR ISLANDS (UT)",25.0,0.0,25.0,25,0,25,0.0
"Mechanical Engineering (4 Years, Bachelor of Technology) Other than PUNJAB",55.0,0.0,55.0,55,0,55,0.0
"Mechanical Engineering (4 Years, Bachelor of Technology) Other than RAJASTHAN",57.0,0.0,57.0,57,0,57,0.0
"Mechanical Engineering (4 Years, Bachelor of Technology) Other than SIKKIM",15.0,0.0,15.0,15,0,15,0.0
"Mechanical Engineering (4 Years, Bachelor of Technology) Other than TAMIL NADU",59.0,0.0,59.0,59,0,59,0.0
"Mechanical Engineering (4 Years, Bachelor of Technology) Other than TELANGANA",65.0,0.0,65.0,65,0,65,0.0
"Mechanical Engineering (4 Years, Bachelor of Technology) Other than TRIPURA",50.0,13.0,63.0,47,13,60,-3.0
"Mechanical Engineering (4 Years, Bachelor of Technology) Other than UTTAR PRADESH",77.0,4.0,81.0,77,4,81,0.0
"Mechanical Engineering (4 Years, Bachelor of Technology) Other than UTTARAKHAND",14.0,4.0,18.0,18,0,18,0.0
"Mechanical Engineering (4 Years, Bachelor of Technology) Other than WEST BENGAL",93.0,0.0,93.0,144,0,144,51.0
"Mechanical Engineering (4 Years, Bachelor of Technology) PUDUCHERRY (UT) ANDAMAN & NICOBAR ISLANDS (UT)",25.0,0.0,25.0,25,0,25,0.0
"Mechanical Engineering (4 Years, Bachelor of Technology) PUNJAB",55.0,0.0,55.0,55,0,55,0.0
"Mechanical Engineering (4 Years, Bachelor of Technology) RAJASTHAN",59.0,0.0,59.0,59,0,59,0.0
"Mechanical Engineering (4 Years, Bachelor of Technology) SIKKIM",15.0,0.0,15.0,15,0,15,0.0
"Mechanical Engineering (4 Years, Bachelor of Technology) TAMIL NADU",59.0,0.0,59.0,59,0,59,0.0
"Mechanical Engineering (4 Years, Bachelor of Technology) TELANGANA",65.0,0.0,65.0,65,0,65,0.0
"Mechanical Engineering (4 Years, Bachelor of Technology) TRIPURA",48.0,14.0,62.0,46,14,60,-2.0
"Mechanical Engineering (4 Years, Bachelor of Technology) UTTAR PRADESH",77.0,5.0,82.0,77,5,82,0.0
"Mechanical Engineering (4 Years, Bachelor of Technology) UTTARAKHAND",15.0,3.0,18.0,18,0,18,0.0
"Mechanical Engineering (4 Years, Bachelor of Technology) WEST BENGAL",94.0,0.0,94.0,145,0,145,51.0
"Mechanical Engineering (5 Years, Bachelor and Master of Technology (Dual Degree))",45.0,7.0,52.0,50,3,53,1.0
"Mechanical Engineering (5 Years, Bachelor and Master of Technology (Dual Degree)) HARYANA",6.0,0.0,6.0,6,0,6,0.0
"Mechanical Engineering (5 Years, Bachelor and Master of Technology (Dual Degree)) Other than HARYANA",6.0,0.0,6.0,6,0,6,0.0
"Mechatronics Engineering (4 Years, Bachelor of Technology)",20.0,0.0,20.0,59,0,59,39.0
"Mechatronics and Automation Engineering (4 Years, Bachelor of Technology) BIHAR",13.0,0.0,13.0,13,0,13,0.0
"Mechatronics and Automation Engineering (4 Years, Bachelor of Technology) Other than BIHAR",13.0,0.0,13.0,13,0,13,0.0
"Metallurgical Engineering (4 Years, Bachelor of Technology)",102.0,4.0,106.0,106,4,110,4.0
"Metallurgical Engineering and Materials Science (4 Years, Bachelor of Technology)",162.0,14.0,176.0,152,6,158,-18.0
"Metallurgical and Materials Engineering (4 Years, Bachelor of Technology)",314.0,34.0,348.0,380,34,414,66.0
"Metallurgical and Materials Engineering (4 Years, Bachelor of Technology) CHHATTISGARH",58.0,0.0,58.0,58,0,58,0.0
"Metallurgical and Materials Engineering (4 Years, Bachelor of Technology) JHARKHAND",49.0,0.0,49.0,49,0,49,0.0
"Metallurgical and Materials Engineering (4 Years, Bachelor of Technology) KARNATAKA",29.0,1.0,30.0,29,0,29,-1.0
"Metallurgical and Materials Engineering (4 Years, Bachelor of Technology) ODISHA",30.0,0.0,30.0,30,0,30,0.0
"Metallurgical and Materials Engineering (4 Years, Bachelor of Technology) Other than CHHATTISGARH",57.0,0.0,57.0,57,0,57,0.0
"Metallurgical and Materials Engineering (4 Years, Bachelor of Technology) Other than JAMMU & KASHMIR (UT) LADAKH (UT)",50.0,3.0,53.0,37,3,40,-13.0
"Metallurgical and Materials Engineering (4 Years, Bachelor of Technology) Other than JHARKHAND",50.0,0.0,50.0,50,0,50,0.0
"Metallurgical and Materials Engineering (4 Years, Bachelor of Technology) Other than KARNATAKA",29.0,0.0,29.0,29,0,29,0.0
"Metallurgical and Materials Engineering (4 Years, Bachelor of Technology) Other than ODISHA",30.0,1.0,31.0,30,0,30,-1.0
"Metallurgical and Materials Engineering (4 Years, Bachelor of Technology) Other than RAJASTHAN",37.0,0.0,37.0,37,0,37,0.0
"Metallurgical and Materials Engineering (4 Years, Bachelor of Technology) Other than TAMIL NADU",39.0,0.0,39.0,39,0,39,0.0
"Metallurgical and Materials Engineering (4 Years, Bachelor of Technology) Other than WEST BENGAL",38.0,0.0,38.0,38,0,38,0.0
"Metallurgical and Materials Engineering (4 Years, Bachelor of Technology) RAJASTHAN",37.0,0.0,37.0,37,0,37,0.0
"Metallurgical and Materials Engineering (4 Years, Bachelor of Technology) TAMIL NADU",40.0,0.0,40.0,40,0,40,0.0
"Metallurgical and Materials Engineering (4 Years, Bachelor of Technology) WEST BENGAL",37.0,0.0,37.0,37,0,37,0.0
"Metallurgical and Materials Engineering (5 Years, Bachelor and Master of Technology (Dual Degree)) ODISHA",6.0,0.0,6.0,6,0,6,0.0
"Metallurgical and Materials Engineering (5 Years, Bachelor and Master of Technology (Dual Degree)) Other than ODISHA",7.0,0.0,7.0,7,0,7,0.0
"Microelectronics & VLSI Engineering (4 Years, Bachelor of Technology) HARYANA",30.0,0.0,30.0,30,0,30,0.0
"Microelectronics & VLSI Engineering (4 Years, Bachelor of Technology) Other than HARYANA",30.0,0.0,30.0,30,0,30,0.0
"Mineral and Metallurgical Engineering (4 Years, Bachelor of Technology)",37.0,8.0,45.0,37,8,45,0.0
"Mining Engineering (4 Years, Bachelor of Technology)",321.0,40.0,361.0,297,26,323,-38.0
"Mining Engineering (4 Years, Bachelor of Technology) CHHATTISGARH",48.0,0.0,48.0,48,0,48,0.0
"Mining Engineering (4 Years, Bachelor of Technology) KARNATAKA",29.0,0.0,29.0,29,1,30,1.0
"Mining Engineering (4 Years, Bachelor of Technology) ODISHA",19.0,2.0,21.0,19,0,19,-2.0
"Mining Engineering (4 Years, Bachelor of Technology) Other than CHHATTISGARH",49.0,0.0,49.0,49,0,49,0.0
"Mining Engineering (4 Years, Bachelor of Technology) Other than KARNATAKA",29.0,1.0,30.0,29,0,29,-1.0
"Mining Engineering (4 Years, Bachelor of Technology) Other than ODISHA",19.0,3.0,22.0,19,0,19,-3.0
"Mining Engineering (5 Years, Bachelor and Master of Technology (Dual Degree)) ODISHA",6.0,0.0,6.0,6,0,6,0.0
"Mining Engineering (5 Years, Bachelor and Master of Technology (Dual Degree)) Other than ODISHA",6.0,0.0,6.0,6,0,6,0.0
"Mining Machinery Engineering (4 Years, Bachelor of Technology)",47.0,9.0,56.0,47,9,56,0.0
"Naval Architecture and Ocean Engineering (4 Years, Bachelor of Technology)",69.0,9.0,78.0,69,9,78,0.0
"Ocean Engineering and Naval Architecture (4 Years, Bachelor of Technology)",71.0,9.0,80.0,71,9,80,0.0
"Petroleum Engineering (4 Years, Bachelor of Technology)",79.0,11.0,90.0,79,11,90,0.0
"Pharmaceutical Engineering & Technology (4 Years, Bachelor of Technology)",80.0,0.0,80.0,75,0,75,-5.0
"Physics (4 Years, Bachelor of Science)",85.0,9.0,94.0,97,10,107,13.0
"Physics (5 Years, Bachelor of Science and Master of Science (Dual Degree))",37.0,3.0,40.0,25,2,27,-13.0
"Physics (5 Years, Bachelor of Science and Master of Science (Dual Degree)) Other than TRIPURA",13.0,0.0,13.0,20,0,20,7.0
"Physics (5 Years, Bachelor of Science and Master of Science (Dual Degree)) TRIPURA",12.0,0.0,12.0,20,0,20,8.0
"Physics (5 Years, Integrated Master of Science) ODISHA",13.0,0.0,13.0,13,0,13,0.0
"Physics (5 Years, Integrated Master of Science) Other than ODISHA",12.0,0.0,12.0,12,0,12,0.0
"Physics with Specialization (4 Years, Bachelor of Science)",24.0,6.0,30.0,24,6,30,0.0
"Planning (4 Years, Bachelor of Planning) MADHYA PRADESH",21.0,5.0,26.0,21,5,26,0.0
"Planning (4 Years, Bachelor of Planning) Other than MADHYA PRADESH",21.0,5.0,26.0,21,5,26,0.0
"Production Engineering (4 Years, Bachelor of Technology) KERALA",30.0,0.0,30.0,29,0,29,-1.0
"Production Engineering (4 Years, Bachelor of Technology) Other than KERALA",29.0,0.0,29.0,30,0,30,1.0
"Production Engineering (4 Years, Bachelor of Technology) Other than TAMIL NADU",59.0,0.0,59.0,59,0,59,0.0
"Production Engineering (4 Years, Bachelor of Technology) Other than TRIPURA",45.0,12.0,57.0,33,12,45,-12.0
"Production Engineering (4 Years, Bachelor of Technology) TAMIL NADU",59.0,0.0,59.0,59,0,59,0.0
"Production Engineering (4 Years, Bachelor of Technology) TRIPURA",44.0,12.0,56.0,33,12,45,-11.0
"Production and Industrial Engineering (4 Years, Bachelor of Technology)",131.0,16.0,147.0,309,14,323,176.0
"Production and Industrial Engineering (4 Years, Bachelor of Technology) HARYANA",20.0,0.0,20.0,20,0,20,0.0
"Production and Industrial Engineering (4 Years, Bachelor of Technology) JHARKHAND",31.0,0.0,31.0,31,0,31,0.0
"Production and Industrial Engineering (4 Years, Bachelor of Technology) Other than HARYANA",20.0,0.0,20.0,20,0,20,0.0
"Production and Industrial Engineering (4 Years, Bachelor of Technology) Other than JHARKHAND",31.0,0.0,31.0,31,0,31,0.0
"Production and Industrial Engineering (4 Years, Bachelor of Technology) Other than UTTAR PRADESH",28.0,2.0,30.0,28,2,30,0.0
"Production and Industrial Engineering (4 Years, Bachelor of Technology) UTTAR PRADESH",29.0,1.0,30.0,29,1,30,0.0
"ROBOTICS & AUTOMATION (4 Years, Bachelor of Technology) HARYANA",25.0,0.0,25.0,25,0,25,0.0
"ROBOTICS & AUTOMATION (4 Years, Bachelor of Technology) Other than HARYANA",25.0,0.0,25.0,25,0,25,0.0
"SUSTAINABLE ENERGY TECHNOLOGIES (4 Years, Bachelor of Technology) HARYANA",30.0,0.0,30.0,30,0,30,0.0
"SUSTAINABLE ENERGY TECHNOLOGIES (4 Years, Bachelor of Technology) Other than HARYANA",30.0,0.0,30.0,30,0,30,0.0
"Statistics and Data Science (4 Years, Bachelor of Science)",22.0,6.0,28.0,22,6,28,0.0
"Textile Technology (4 Years, Bachelor of Technology)",91.0,5.0,96.0,85,0,85,-11.0
"Textile Technology (4 Years, Bachelor of Technology) Other than PUNJAB",38.0,1.0,39.0,35,0,35,-4.0
"Textile Technology (4 Years, Bachelor of Technology) PUNJAB",37.0,2.0,39.0,35,0,35,-4.0
"VLSI Design and Technology (4 Years, Bachelor of Technology) DELHI (NCT) CHANDIGARH (UT)",13.0,0.0,13.0,13,0,13,0.0
"VLSI Design and Technology (4 Years, Bachelor of Technology) Other than DELHI (NCT) CHANDIGARH (UT)",12.0,0.0,12.0,12,0,12,0.0
